filename,item_type,label
311_i120.png,311,metal
398_i130.png,398,metal
516_i140.png,516,metal
42_i180.png,42,metal
433_i160.png,433,metal
919_i130.png,919,metal
644_i150.png,644,metal
200_i180.png,200,metal
981_i150.png,981,metal
859_i210.png,859,metal
943_i170.png,943,metal
311_i110.png,311,metal
849_i110.png,849,metal
805_i190.png,805,metal
22_i250.png,22,metal
97_i160.png,97,metal
78_i170.png,78,metal
800_i160.png,800,metal
848_i140.png,848,metal
642_i120.png,642,metal
773_i150.png,773,metal
144_i180.png,144,metal
300_i210.png,300,metal
859_i170.png,859,metal
376_i130.png,376,metal
258_i180.png,258,metal
166_i160.png,166,metal
97_i120.png,97,metal
531_i230.png,531,metal
78_i180.png,78,metal
523_i170.png,523,metal
848_i150.png,848,metal
279_i130.png,279,metal
397_i130.png,397,metal
328_i180.png,328,metal
376_i190.png,376,metal
59_i160.png,59,metal
531_i120.png,531,metal
215_i160.png,215,metal
78_i190.png,78,metal
932_i210.png,932,metal
943_i110.png,943,metal
300_i150.png,300,metal
578_i180.png,578,metal
405_i170.png,405,metal
144_i150.png,144,metal
215_i210.png,215,metal
433_i140.png,433,metal
453_i170.png,453,metal
433_i170.png,433,metal
433_i250.png,433,metal
930_i170.png,930,metal
312_i130.png,312,metal
405_i190.png,405,metal
805_i160.png,805,metal
42_i120.png,42,metal
237_i170.png,237,metal
397_i180.png,397,metal
773_i160.png,773,metal
411_i110.png,411,metal
919_i250.png,919,metal
30_i210.png,30,metal
804_i210.png,804,metal
426_i140.png,426,metal
981_i180.png,981,metal
644_i140.png,644,metal
859_i110.png,859,metal
20_i190.png,20,metal
981_i190.png,981,metal
200_i250.png,200,metal
411_i130.png,411,metal
642_i230.png,642,metal
312_i170.png,312,metal
859_i230.png,859,metal
328_i150.png,328,metal
81_i230.png,81,metal
855_i120.png,855,metal
616_i110.png,616,metal
430_i140.png,430,metal
30_i150.png,30,metal
908_i210.png,908,metal
312_i120.png,312,metal
981_i250.png,981,metal
411_i180.png,411,metal
311_i150.png,311,metal
258_i190.png,258,metal
849_i250.png,849,metal
20_i110.png,20,metal
215_i140.png,215,metal
300_i140.png,300,metal
982_i110.png,982,metal
578_i250.png,578,metal
77_i160.png,77,metal
644_i160.png,644,metal
642_i170.png,642,metal
982_i250.png,982,metal
97_i180.png,97,metal
97_i140.png,97,metal
616_i130.png,616,metal
30_i180.png,30,metal
328_i130.png,328,metal
642_i180.png,642,metal
433_i190.png,433,metal
433_i230.png,433,metal
42_i190.png,42,metal
859_i180.png,859,metal
908_i150.png,908,metal
426_i210.png,426,metal
264_i120.png,264,metal
430_i150.png,430,metal
615_i180.png,615,metal
737_i130.png,737,metal
800_i230.png,800,metal
269_i250.png,269,metal
312_i190.png,312,metal
405_i210.png,405,metal
773_i170.png,773,metal
77_i190.png,77,metal
981_i170.png,981,metal
200_i160.png,200,metal
22_i150.png,22,metal
737_i190.png,737,metal
818_i120.png,818,metal
943_i150.png,943,metal
737_i210.png,737,metal
81_i180.png,81,metal
430_i110.png,430,metal
908_i130.png,908,metal
615_i130.png,615,metal
908_i160.png,908,metal
398_i210.png,398,metal
215_i110.png,215,metal
453_i210.png,453,metal
376_i210.png,376,metal
455_i170.png,455,metal
420_i140.png,420,metal
919_i230.png,919,metal
269_i180.png,269,metal
616_i160.png,616,metal
523_i210.png,523,metal
891_i250.png,891,metal
59_i120.png,59,metal
800_i120.png,800,metal
430_i160.png,430,metal
411_i190.png,411,metal
644_i230.png,644,metal
166_i180.png,166,metal
908_i140.png,908,metal
215_i190.png,215,metal
411_i250.png,411,metal
773_i140.png,773,metal
930_i140.png,930,metal
855_i170.png,855,metal
77_i210.png,77,metal
59_i150.png,59,metal
848_i130.png,848,metal
431_i180.png,431,metal
300_i190.png,300,metal
77_i140.png,77,metal
264_i210.png,264,metal
818_i250.png,818,metal
411_i210.png,411,metal
411_i160.png,411,metal
737_i120.png,737,metal
215_i150.png,215,metal
433_i130.png,433,metal
578_i130.png,578,metal
22_i190.png,22,metal
433_i120.png,433,metal
737_i150.png,737,metal
397_i110.png,397,metal
269_i230.png,269,metal
166_i110.png,166,metal
455_i130.png,455,metal
800_i250.png,800,metal
30_i130.png,30,metal
789_i210.png,789,metal
300_i180.png,300,metal
376_i160.png,376,metal
644_i180.png,644,metal
376_i120.png,376,metal
20_i210.png,20,metal
258_i230.png,258,metal
453_i250.png,453,metal
215_i170.png,215,metal
328_i190.png,328,metal
22_i140.png,22,metal
943_i140.png,943,metal
455_i160.png,455,metal
737_i250.png,737,metal
455_i190.png,455,metal
523_i190.png,523,metal
930_i160.png,930,metal
891_i210.png,891,metal
789_i170.png,789,metal
615_i150.png,615,metal
237_i190.png,237,metal
455_i210.png,455,metal
523_i130.png,523,metal
42_i160.png,42,metal
455_i230.png,455,metal
453_i140.png,453,metal
269_i160.png,269,metal
405_i150.png,405,metal
22_i180.png,22,metal
405_i130.png,405,metal
849_i190.png,849,metal
891_i130.png,891,metal
737_i180.png,737,metal
919_i150.png,919,metal
430_i210.png,430,metal
397_i210.png,397,metal
42_i170.png,42,metal
215_i130.png,215,metal
279_i250.png,279,metal
615_i230.png,615,metal
81_i120.png,81,metal
328_i210.png,328,metal
78_i210.png,78,metal
30_i110.png,30,metal
310_i140.png,310,metal
279_i230.png,279,metal
849_i130.png,849,metal
531_i190.png,531,metal
397_i230.png,397,metal
531_i130.png,531,metal
455_i120.png,455,metal
516_i210.png,516,metal
531_i140.png,531,metal
615_i160.png,615,metal
932_i250.png,932,metal
516_i250.png,516,metal
97_i250.png,97,metal
30_i250.png,30,metal
855_i210.png,855,metal
516_i120.png,516,metal
237_i160.png,237,metal
264_i110.png,264,metal
426_i190.png,426,metal
855_i160.png,855,metal
81_i140.png,81,metal
166_i250.png,166,metal
398_i110.png,398,metal
398_i180.png,398,metal
891_i190.png,891,metal
615_i120.png,615,metal
237_i230.png,237,metal
981_i210.png,981,metal
310_i250.png,310,metal
59_i130.png,59,metal
200_i130.png,200,metal
932_i150.png,932,metal
859_i120.png,859,metal
59_i170.png,59,metal
848_i190.png,848,metal
849_i150.png,849,metal
328_i120.png,328,metal
848_i160.png,848,metal
455_i180.png,455,metal
22_i230.png,22,metal
800_i190.png,800,metal
376_i230.png,376,metal
431_i170.png,431,metal
77_i170.png,77,metal
310_i110.png,310,metal
264_i160.png,264,metal
433_i150.png,433,metal
804_i180.png,804,metal
516_i130.png,516,metal
578_i140.png,578,metal
930_i110.png,930,metal
420_i250.png,420,metal
615_i250.png,615,metal
789_i140.png,789,metal
397_i150.png,397,metal
312_i230.png,312,metal
59_i140.png,59,metal
932_i140.png,932,metal
804_i150.png,804,metal
531_i210.png,531,metal
426_i230.png,426,metal
398_i250.png,398,metal
859_i190.png,859,metal
919_i180.png,919,metal
166_i140.png,166,metal
279_i120.png,279,metal
237_i210.png,237,metal
642_i250.png,642,metal
943_i130.png,943,metal
269_i110.png,269,metal
215_i120.png,215,metal
258_i120.png,258,metal
264_i250.png,264,metal
616_i170.png,616,metal
455_i150.png,455,metal
805_i170.png,805,metal
773_i120.png,773,metal
982_i160.png,982,metal
642_i160.png,642,metal
981_i140.png,981,metal
81_i190.png,81,metal
773_i210.png,773,metal
411_i170.png,411,metal
930_i120.png,930,metal
20_i160.png,20,metal
848_i210.png,848,metal
81_i130.png,81,metal
20_i140.png,20,metal
818_i130.png,818,metal
77_i110.png,77,metal
376_i140.png,376,metal
310_i120.png,310,metal
773_i230.png,773,metal
78_i160.png,78,metal
578_i160.png,578,metal
215_i250.png,215,metal
800_i110.png,800,metal
312_i250.png,312,metal
982_i120.png,982,metal
376_i180.png,376,metal
919_i110.png,919,metal
264_i230.png,264,metal
81_i210.png,81,metal
411_i140.png,411,metal
264_i140.png,264,metal
397_i140.png,397,metal
855_i230.png,855,metal
20_i250.png,20,metal
20_i230.png,20,metal
420_i120.png,420,metal
311_i190.png,311,metal
849_i210.png,849,metal
264_i170.png,264,metal
455_i110.png,455,metal
426_i170.png,426,metal
615_i170.png,615,metal
200_i120.png,200,metal
615_i210.png,615,metal
800_i130.png,800,metal
848_i180.png,848,metal
30_i160.png,30,metal
420_i150.png,420,metal
789_i130.png,789,metal
311_i140.png,311,metal
433_i110.png,433,metal
930_i180.png,930,metal
426_i150.png,426,metal
453_i130.png,453,metal
237_i180.png,237,metal
405_i140.png,405,metal
891_i180.png,891,metal
616_i180.png,616,metal
200_i140.png,200,metal
78_i250.png,78,metal
855_i140.png,855,metal
405_i230.png,405,metal
773_i180.png,773,metal
30_i170.png,30,metal
426_i110.png,426,metal
531_i110.png,531,metal
982_i230.png,982,metal
97_i230.png,97,metal
77_i250.png,77,metal
908_i170.png,908,metal
930_i130.png,930,metal
22_i170.png,22,metal
615_i190.png,615,metal
932_i230.png,932,metal
578_i230.png,578,metal
328_i230.png,328,metal
144_i140.png,144,metal
78_i130.png,78,metal
279_i150.png,279,metal
982_i170.png,982,metal
982_i130.png,982,metal
215_i230.png,215,metal
578_i120.png,578,metal
279_i180.png,279,metal
773_i250.png,773,metal
981_i110.png,981,metal
300_i250.png,300,metal
908_i230.png,908,metal
144_i130.png,144,metal
919_i210.png,919,metal
430_i250.png,430,metal
919_i120.png,919,metal
789_i160.png,789,metal
516_i180.png,516,metal
420_i190.png,420,metal
398_i150.png,398,metal
773_i130.png,773,metal
405_i120.png,405,metal
455_i250.png,455,metal
804_i130.png,804,metal
78_i230.png,78,metal
300_i130.png,300,metal
397_i170.png,397,metal
804_i120.png,804,metal
523_i150.png,523,metal
930_i210.png,930,metal
981_i160.png,981,metal
453_i110.png,453,metal
849_i170.png,849,metal
426_i160.png,426,metal
42_i210.png,42,metal
818_i160.png,818,metal
855_i180.png,855,metal
943_i190.png,943,metal
144_i120.png,144,metal
932_i170.png,932,metal
42_i130.png,42,metal
144_i160.png,144,metal
849_i140.png,849,metal
800_i170.png,800,metal
200_i170.png,200,metal
430_i120.png,430,metal
431_i130.png,431,metal
420_i180.png,420,metal
789_i150.png,789,metal
398_i170.png,398,metal
453_i120.png,453,metal
433_i180.png,433,metal
431_i120.png,431,metal
144_i170.png,144,metal
166_i150.png,166,metal
523_i230.png,523,metal
97_i150.png,97,metal
805_i120.png,805,metal
855_i190.png,855,metal
523_i140.png,523,metal
430_i130.png,430,metal
300_i230.png,300,metal
398_i160.png,398,metal
616_i210.png,616,metal
800_i150.png,800,metal
859_i150.png,859,metal
433_i210.png,433,metal
310_i130.png,310,metal
516_i230.png,516,metal
328_i250.png,328,metal
328_i170.png,328,metal
328_i140.png,328,metal
59_i190.png,59,metal
81_i150.png,81,metal
805_i110.png,805,metal
516_i190.png,516,metal
737_i110.png,737,metal
405_i250.png,405,metal
20_i180.png,20,metal
411_i230.png,411,metal
453_i160.png,453,metal
644_i190.png,644,metal
531_i180.png,531,metal
397_i160.png,397,metal
453_i180.png,453,metal
376_i110.png,376,metal
919_i160.png,919,metal
908_i250.png,908,metal
144_i230.png,144,metal
908_i180.png,908,metal
426_i130.png,426,metal
932_i190.png,932,metal
77_i150.png,77,metal
943_i230.png,943,metal
81_i250.png,81,metal
891_i230.png,891,metal
312_i160.png,312,metal
430_i230.png,430,metal
737_i170.png,737,metal
800_i140.png,800,metal
397_i190.png,397,metal
237_i130.png,237,metal
981_i130.png,981,metal
932_i180.png,932,metal
982_i180.png,982,metal
411_i120.png,411,metal
818_i230.png,818,metal
804_i140.png,804,metal
264_i180.png,264,metal
78_i150.png,78,metal
453_i230.png,453,metal
420_i110.png,420,metal
818_i180.png,818,metal
77_i230.png,77,metal
943_i250.png,943,metal
908_i120.png,908,metal
59_i210.png,59,metal
578_i190.png,578,metal
431_i160.png,431,metal
849_i180.png,849,metal
930_i150.png,930,metal
20_i150.png,20,metal
237_i250.png,237,metal
166_i210.png,166,metal
930_i190.png,930,metal
237_i120.png,237,metal
943_i120.png,943,metal
78_i110.png,78,metal
642_i210.png,642,metal
97_i210.png,97,metal
78_i120.png,78,metal
644_i120.png,644,metal
932_i130.png,932,metal
644_i110.png,644,metal
81_i110.png,81,metal
644_i130.png,644,metal
773_i110.png,773,metal
805_i130.png,805,metal
398_i120.png,398,metal
398_i190.png,398,metal
97_i190.png,97,metal
523_i180.png,523,metal
420_i130.png,420,metal
642_i190.png,642,metal
891_i120.png,891,metal
397_i120.png,397,metal
258_i150.png,258,metal
310_i170.png,310,metal
804_i250.png,804,metal
855_i150.png,855,metal
943_i180.png,943,metal
578_i110.png,578,metal
615_i140.png,615,metal
411_i150.png,411,metal
804_i170.png,804,metal
930_i250.png,930,metal
818_i210.png,818,metal
269_i140.png,269,metal
144_i250.png,144,metal
166_i170.png,166,metal
531_i160.png,531,metal
789_i250.png,789,metal
431_i250.png,431,metal
981_i230.png,981,metal
20_i130.png,20,metal
848_i110.png,848,metal
919_i170.png,919,metal
805_i140.png,805,metal
943_i160.png,943,metal
615_i110.png,615,metal
455_i140.png,455,metal
453_i150.png,453,metal
166_i190.png,166,metal
848_i250.png,848,metal
908_i110.png,908,metal
300_i160.png,300,metal
279_i170.png,279,metal
420_i160.png,420,metal
59_i250.png,59,metal
269_i120.png,269,metal
616_i230.png,616,metal
258_i110.png,258,metal
737_i230.png,737,metal
805_i150.png,805,metal
279_i160.png,279,metal
516_i150.png,516,metal
531_i250.png,531,metal
269_i170.png,269,metal
398_i140.png,398,metal
426_i250.png,426,metal
59_i230.png,59,metal
932_i110.png,932,metal
859_i130.png,859,metal
237_i110.png,237,metal
200_i230.png,200,metal
891_i170.png,891,metal
59_i180.png,59,metal
773_i190.png,773,metal
578_i210.png,578,metal
269_i190.png,269,metal
516_i110.png,516,metal
523_i250.png,523,metal
97_i170.png,97,metal
919_i140.png,919,metal
516_i160.png,516,metal
300_i170.png,300,metal
932_i160.png,932,metal
859_i140.png,859,metal
279_i210.png,279,metal
616_i190.png,616,metal
311_i250.png,311,metal
891_i140.png,891,metal
431_i190.png,431,metal
800_i180.png,800,metal
642_i110.png,642,metal
789_i190.png,789,metal
804_i110.png,804,metal
22_i160.png,22,metal
200_i110.png,200,metal
30_i190.png,30,metal
376_i150.png,376,metal
908_i190.png,908,metal
932_i120.png,932,metal
376_i170.png,376,metal
144_i210.png,144,metal
200_i150.png,200,metal
264_i130.png,264,metal
430_i180.png,430,metal
859_i250.png,859,metal
789_i120.png,789,metal
397_i250.png,397,metal
20_i170.png,20,metal
805_i180.png,805,metal
789_i180.png,789,metal
269_i130.png,269,metal
258_i210.png,258,metal
269_i210.png,269,metal
22_i130.png,22,metal
737_i160.png,737,metal
42_i140.png,42,metal
789_i230.png,789,metal
328_i160.png,328,metal
311_i180.png,311,metal
312_i180.png,312,metal
420_i170.png,420,metal
258_i140.png,258,metal
166_i130.png,166,metal
431_i210.png,431,metal
616_i150.png,616,metal
312_i140.png,312,metal
30_i140.png,30,metal
328_i110.png,328,metal
310_i230.png,310,metal
144_i190.png,144,metal
855_i130.png,855,metal
930_i230.png,930,metal
42_i230.png,42,metal
431_i110.png,431,metal
849_i230.png,849,metal
805_i230.png,805,metal
943_i210.png,943,metal
166_i230.png,166,metal
311_i230.png,311,metal
981_i120.png,981,metal
81_i160.png,81,metal
258_i130.png,258,metal
644_i250.png,644,metal
279_i190.png,279,metal
405_i160.png,405,metal
420_i210.png,420,metal
848_i230.png,848,metal
20_i120.png,20,metal
398_i230.png,398,metal
22_i210.png,22,metal
616_i250.png,616,metal
237_i140.png,237,metal
800_i210.png,800,metal
644_i210.png,644,metal
237_i150.png,237,metal
642_i130.png,642,metal
258_i160.png,258,metal
578_i150.png,578,metal
804_i190.png,804,metal
891_i110.png,891,metal
264_i190.png,264,metal
42_i150.png,42,metal
200_i210.png,200,metal
59_i110.png,59,metal
804_i160.png,804,metal
312_i210.png,312,metal
310_i160.png,310,metal
405_i180.png,405,metal
982_i140.png,982,metal
891_i150.png,891,metal
818_i170.png,818,metal
804_i230.png,804,metal
523_i160.png,523,metal
516_i170.png,516,metal
42_i110.png,42,metal
97_i130.png,97,metal
310_i190.png,310,metal
42_i250.png,42,metal
166_i120.png,166,metal
405_i110.png,405,metal
215_i180.png,215,metal
279_i140.png,279,metal
578_i170.png,578,metal
431_i150.png,431,metal
523_i120.png,523,metal
30_i230.png,30,metal
982_i150.png,982,metal
805_i210.png,805,metal
30_i120.png,30,metal
849_i120.png,849,metal
22_i110.png,22,metal
919_i190.png,919,metal
426_i180.png,426,metal
78_i140.png,78,metal
310_i150.png,310,metal
311_i160.png,311,metal
616_i120.png,616,metal
849_i160.png,849,metal
420_i230.png,420,metal
431_i230.png,431,metal
22_i120.png,22,metal
430_i170.png,430,metal
77_i120.png,77,metal
642_i150.png,642,metal
523_i110.png,523,metal
531_i150.png,531,metal
982_i210.png,982,metal
805_i250.png,805,metal
312_i150.png,312,metal
77_i130.png,77,metal
77_i180.png,77,metal
789_i110.png,789,metal
431_i140.png,431,metal
818_i110.png,818,metal
311_i130.png,311,metal
376_i250.png,376,metal
426_i120.png,426,metal
310_i180.png,310,metal
982_i190.png,982,metal
258_i170.png,258,metal
737_i140.png,737,metal
855_i110.png,855,metal
891_i160.png,891,metal
300_i120.png,300,metal
531_i170.png,531,metal
855_i250.png,855,metal
200_i190.png,200,metal
644_i170.png,644,metal
642_i140.png,642,metal
818_i140.png,818,metal
97_i110.png,97,metal
616_i140.png,616,metal
311_i210.png,311,metal
311_i170.png,311,metal
279_i110.png,279,metal
310_i210.png,310,metal
258_i250.png,258,metal
848_i120.png,848,metal
81_i170.png,81,metal
144_i110.png,144,metal
430_i190.png,430,metal
312_i110.png,312,metal
848_i170.png,848,metal
300_i110.png,300,metal
264_i150.png,264,metal
818_i150.png,818,metal
859_i160.png,859,metal
269_i150.png,269,metal
818_i190.png,818,metal
453_i190.png,453,metal
657_i150.png,657,plastic
500_i160.png,500,plastic
137_i190.png,137,plastic
662_i190.png,662,plastic
103_i170.png,103,plastic
341_i190.png,341,plastic
682_i190.png,682,plastic
691_i110.png,691,plastic
454_i110.png,454,plastic
691_i190.png,691,plastic
547_i250.png,547,plastic
61_i210.png,61,plastic
153_i180.png,153,plastic
604_i170.png,604,plastic
60_i230.png,60,plastic
25_i190.png,25,plastic
949_i130.png,949,plastic
460_i110.png,460,plastic
185_i190.png,185,plastic
143_i230.png,143,plastic
474_i230.png,474,plastic
764_i140.png,764,plastic
49_i140.png,49,plastic
514_i110.png,514,plastic
134_i140.png,134,plastic
164_i140.png,164,plastic
958_i250.png,958,plastic
481_i180.png,481,plastic
556_i160.png,556,plastic
620_i170.png,620,plastic
675_i250.png,675,plastic
559_i230.png,559,plastic
349_i210.png,349,plastic
380_i210.png,380,plastic
675_i210.png,675,plastic
66_i160.png,66,plastic
139_i120.png,139,plastic
91_i210.png,91,plastic
435_i160.png,435,plastic
89_i130.png,89,plastic
323_i110.png,323,plastic
224_i160.png,224,plastic
139_i250.png,139,plastic
992_i110.png,992,plastic
605_i230.png,605,plastic
574_i110.png,574,plastic
601_i120.png,601,plastic
968_i140.png,968,plastic
187_i110.png,187,plastic
337_i250.png,337,plastic
898_i230.png,898,plastic
850_i190.png,850,plastic
210_i190.png,210,plastic
169_i230.png,169,plastic
664_i120.png,664,plastic
539_i180.png,539,plastic
487_i140.png,487,plastic
681_i250.png,681,plastic
561_i160.png,561,plastic
764_i230.png,764,plastic
591_i160.png,591,plastic
664_i210.png,664,plastic
743_i230.png,743,plastic
728_i150.png,728,plastic
634_i230.png,634,plastic
252_i250.png,252,plastic
911_i180.png,911,plastic
304_i250.png,304,plastic
142_i250.png,142,plastic
665_i120.png,665,plastic
497_i250.png,497,plastic
633_i180.png,633,plastic
490_i190.png,490,plastic
744_i130.png,744,plastic
85_i250.png,85,plastic
949_i180.png,949,plastic
810_i250.png,810,plastic
559_i190.png,559,plastic
14_i110.png,14,plastic
731_i170.png,731,plastic
500_i190.png,500,plastic
304_i170.png,304,plastic
249_i160.png,249,plastic
145_i140.png,145,plastic
656_i250.png,656,plastic
473_i140.png,473,plastic
343_i110.png,343,plastic
476_i110.png,476,plastic
25_i210.png,25,plastic
488_i210.png,488,plastic
554_i140.png,554,plastic
235_i160.png,235,plastic
668_i230.png,668,plastic
242_i140.png,242,plastic
809_i210.png,809,plastic
561_i210.png,561,plastic
242_i160.png,242,plastic
177_i180.png,177,plastic
620_i120.png,620,plastic
490_i150.png,490,plastic
539_i140.png,539,plastic
550_i160.png,550,plastic
944_i110.png,944,plastic
701_i120.png,701,plastic
497_i180.png,497,plastic
139_i230.png,139,plastic
700_i110.png,700,plastic
966_i120.png,966,plastic
187_i140.png,187,plastic
601_i180.png,601,plastic
664_i230.png,664,plastic
112_i160.png,112,plastic
62_i120.png,62,plastic
476_i140.png,476,plastic
682_i210.png,682,plastic
233_i130.png,233,plastic
261_i210.png,261,plastic
605_i250.png,605,plastic
454_i190.png,454,plastic
632_i230.png,632,plastic
701_i250.png,701,plastic
964_i250.png,964,plastic
98_i160.png,98,plastic
224_i230.png,224,plastic
657_i190.png,657,plastic
811_i130.png,811,plastic
801_i130.png,801,plastic
497_i160.png,497,plastic
605_i160.png,605,plastic
188_i140.png,188,plastic
809_i120.png,809,plastic
408_i170.png,408,plastic
304_i140.png,304,plastic
460_i170.png,460,plastic
875_i160.png,875,plastic
349_i230.png,349,plastic
521_i180.png,521,plastic
810_i150.png,810,plastic
542_i210.png,542,plastic
728_i190.png,728,plastic
760_i150.png,760,plastic
518_i250.png,518,plastic
111_i180.png,111,plastic
542_i250.png,542,plastic
956_i120.png,956,plastic
634_i130.png,634,plastic
185_i160.png,185,plastic
676_i230.png,676,plastic
55_i160.png,55,plastic
384_i160.png,384,plastic
106_i230.png,106,plastic
544_i130.png,544,plastic
592_i120.png,592,plastic
656_i170.png,656,plastic
368_i110.png,368,plastic
680_i140.png,680,plastic
502_i150.png,502,plastic
584_i170.png,584,plastic
263_i120.png,263,plastic
542_i140.png,542,plastic
368_i150.png,368,plastic
495_i180.png,495,plastic
540_i250.png,540,plastic
341_i180.png,341,plastic
497_i210.png,497,plastic
683_i210.png,683,plastic
162_i230.png,162,plastic
636_i230.png,636,plastic
53_i250.png,53,plastic
906_i210.png,906,plastic
66_i170.png,66,plastic
563_i190.png,563,plastic
170_i170.png,170,plastic
499_i230.png,499,plastic
62_i230.png,62,plastic
62_i140.png,62,plastic
683_i230.png,683,plastic
966_i150.png,966,plastic
372_i210.png,372,plastic
698_i110.png,698,plastic
664_i190.png,664,plastic
138_i230.png,138,plastic
266_i130.png,266,plastic
340_i110.png,340,plastic
454_i160.png,454,plastic
819_i210.png,819,plastic
966_i140.png,966,plastic
682_i130.png,682,plastic
521_i140.png,521,plastic
232_i210.png,232,plastic
655_i170.png,655,plastic
254_i190.png,254,plastic
661_i110.png,661,plastic
487_i150.png,487,plastic
700_i190.png,700,plastic
592_i250.png,592,plastic
318_i150.png,318,plastic
689_i140.png,689,plastic
343_i250.png,343,plastic
898_i180.png,898,plastic
591_i140.png,591,plastic
550_i170.png,550,plastic
249_i120.png,249,plastic
414_i230.png,414,plastic
437_i180.png,437,plastic
819_i120.png,819,plastic
435_i170.png,435,plastic
760_i130.png,760,plastic
514_i170.png,514,plastic
138_i190.png,138,plastic
743_i170.png,743,plastic
686_i120.png,686,plastic
676_i140.png,676,plastic
241_i250.png,241,plastic
384_i120.png,384,plastic
676_i210.png,676,plastic
801_i190.png,801,plastic
481_i160.png,481,plastic
73_i120.png,73,plastic
966_i250.png,966,plastic
956_i170.png,956,plastic
89_i140.png,89,plastic
608_i130.png,608,plastic
697_i190.png,697,plastic
168_i180.png,168,plastic
591_i150.png,591,plastic
703_i250.png,703,plastic
249_i230.png,249,plastic
665_i130.png,665,plastic
379_i170.png,379,plastic
24_i110.png,24,plastic
283_i180.png,283,plastic
635_i230.png,635,plastic
692_i170.png,692,plastic
382_i180.png,382,plastic
797_i230.png,797,plastic
436_i170.png,436,plastic
145_i210.png,145,plastic
661_i190.png,661,plastic
558_i150.png,558,plastic
541_i210.png,541,plastic
741_i170.png,741,plastic
561_i230.png,561,plastic
473_i150.png,473,plastic
296_i180.png,296,plastic
775_i120.png,775,plastic
396_i190.png,396,plastic
964_i110.png,964,plastic
701_i230.png,701,plastic
547_i130.png,547,plastic
88_i230.png,88,plastic
669_i160.png,669,plastic
73_i110.png,73,plastic
681_i170.png,681,plastic
691_i120.png,691,plastic
584_i180.png,584,plastic
187_i130.png,187,plastic
607_i160.png,607,plastic
392_i120.png,392,plastic
193_i180.png,193,plastic
906_i170.png,906,plastic
682_i120.png,682,plastic
980_i230.png,980,plastic
743_i190.png,743,plastic
727_i230.png,727,plastic
249_i250.png,249,plastic
500_i170.png,500,plastic
874_i160.png,874,plastic
584_i140.png,584,plastic
667_i250.png,667,plastic
550_i120.png,550,plastic
966_i230.png,966,plastic
702_i120.png,702,plastic
261_i110.png,261,plastic
323_i210.png,323,plastic
702_i140.png,702,plastic
704_i170.png,704,plastic
895_i150.png,895,plastic
12_i150.png,12,plastic
462_i170.png,462,plastic
487_i170.png,487,plastic
474_i160.png,474,plastic
890_i160.png,890,plastic
375_i140.png,375,plastic
294_i110.png,294,plastic
242_i120.png,242,plastic
73_i230.png,73,plastic
165_i140.png,165,plastic
459_i180.png,459,plastic
162_i110.png,162,plastic
675_i120.png,675,plastic
898_i150.png,898,plastic
686_i110.png,686,plastic
139_i140.png,139,plastic
764_i210.png,764,plastic
344_i250.png,344,plastic
371_i170.png,371,plastic
368_i140.png,368,plastic
819_i110.png,819,plastic
980_i130.png,980,plastic
164_i210.png,164,plastic
760_i160.png,760,plastic
85_i130.png,85,plastic
601_i130.png,601,plastic
168_i150.png,168,plastic
668_i180.png,668,plastic
657_i210.png,657,plastic
261_i180.png,261,plastic
185_i110.png,185,plastic
558_i210.png,558,plastic
236_i140.png,236,plastic
393_i190.png,393,plastic
797_i160.png,797,plastic
106_i250.png,106,plastic
760_i170.png,760,plastic
414_i110.png,414,plastic
436_i120.png,436,plastic
109_i250.png,109,plastic
126_i250.png,126,plastic
635_i140.png,635,plastic
139_i110.png,139,plastic
668_i120.png,668,plastic
656_i160.png,656,plastic
601_i160.png,601,plastic
464_i180.png,464,plastic
47_i120.png,47,plastic
91_i160.png,91,plastic
898_i160.png,898,plastic
540_i130.png,540,plastic
210_i170.png,210,plastic
344_i230.png,344,plastic
257_i120.png,257,plastic
349_i160.png,349,plastic
490_i230.png,490,plastic
700_i130.png,700,plastic
103_i110.png,103,plastic
384_i170.png,384,plastic
601_i190.png,601,plastic
85_i120.png,85,plastic
36_i160.png,36,plastic
956_i250.png,956,plastic
488_i180.png,488,plastic
662_i180.png,662,plastic
823_i190.png,823,plastic
764_i190.png,764,plastic
100_i160.png,100,plastic
497_i170.png,497,plastic
547_i230.png,547,plastic
249_i170.png,249,plastic
698_i190.png,698,plastic
408_i120.png,408,plastic
232_i150.png,232,plastic
604_i190.png,604,plastic
669_i130.png,669,plastic
393_i160.png,393,plastic
188_i190.png,188,plastic
429_i210.png,429,plastic
667_i150.png,667,plastic
733_i160.png,733,plastic
874_i190.png,874,plastic
698_i170.png,698,plastic
591_i120.png,591,plastic
350_i170.png,350,plastic
993_i120.png,993,plastic
834_i230.png,834,plastic
655_i180.png,655,plastic
850_i230.png,850,plastic
126_i140.png,126,plastic
541_i170.png,541,plastic
675_i160.png,675,plastic
88_i250.png,88,plastic
88_i130.png,88,plastic
736_i230.png,736,plastic
809_i130.png,809,plastic
502_i190.png,502,plastic
592_i210.png,592,plastic
810_i130.png,810,plastic
669_i120.png,669,plastic
475_i180.png,475,plastic
475_i210.png,475,plastic
424_i180.png,424,plastic
526_i110.png,526,plastic
744_i190.png,744,plastic
817_i160.png,817,plastic
439_i210.png,439,plastic
632_i190.png,632,plastic
463_i170.png,463,plastic
263_i190.png,263,plastic
657_i250.png,657,plastic
170_i150.png,170,plastic
66_i130.png,66,plastic
890_i120.png,890,plastic
242_i130.png,242,plastic
679_i250.png,679,plastic
157_i120.png,157,plastic
138_i250.png,138,plastic
896_i250.png,896,plastic
514_i120.png,514,plastic
384_i190.png,384,plastic
153_i150.png,153,plastic
396_i170.png,396,plastic
702_i150.png,702,plastic
66_i250.png,66,plastic
109_i130.png,109,plastic
824_i120.png,824,plastic
682_i230.png,682,plastic
49_i120.png,49,plastic
665_i110.png,665,plastic
90_i210.png,90,plastic
36_i130.png,36,plastic
88_i190.png,88,plastic
547_i140.png,547,plastic
112_i110.png,112,plastic
375_i150.png,375,plastic
250_i130.png,250,plastic
270_i170.png,270,plastic
653_i150.png,653,plastic
811_i180.png,811,plastic
460_i210.png,460,plastic
949_i110.png,949,plastic
103_i150.png,103,plastic
323_i160.png,323,plastic
249_i140.png,249,plastic
608_i150.png,608,plastic
509_i180.png,509,plastic
801_i150.png,801,plastic
529_i210.png,529,plastic
387_i120.png,387,plastic
634_i150.png,634,plastic
895_i180.png,895,plastic
559_i180.png,559,plastic
296_i210.png,296,plastic
526_i190.png,526,plastic
134_i160.png,134,plastic
25_i110.png,25,plastic
130_i150.png,130,plastic
419_i160.png,419,plastic
698_i180.png,698,plastic
697_i150.png,697,plastic
675_i110.png,675,plastic
874_i140.png,874,plastic
956_i140.png,956,plastic
801_i210.png,801,plastic
380_i160.png,380,plastic
60_i170.png,60,plastic
100_i190.png,100,plastic
662_i150.png,662,plastic
620_i140.png,620,plastic
130_i120.png,130,plastic
283_i210.png,283,plastic
675_i130.png,675,plastic
775_i110.png,775,plastic
601_i170.png,601,plastic
112_i170.png,112,plastic
211_i140.png,211,plastic
676_i180.png,676,plastic
958_i140.png,958,plastic
435_i120.png,435,plastic
509_i150.png,509,plastic
541_i110.png,541,plastic
12_i180.png,12,plastic
601_i110.png,601,plastic
339_i110.png,339,plastic
222_i210.png,222,plastic
387_i170.png,387,plastic
856_i230.png,856,plastic
742_i150.png,742,plastic
464_i110.png,464,plastic
519_i150.png,519,plastic
213_i170.png,213,plastic
695_i190.png,695,plastic
668_i190.png,668,plastic
126_i180.png,126,plastic
661_i150.png,661,plastic
323_i180.png,323,plastic
90_i130.png,90,plastic
993_i110.png,993,plastic
992_i150.png,992,plastic
92_i140.png,92,plastic
325_i150.png,325,plastic
588_i180.png,588,plastic
261_i140.png,261,plastic
213_i180.png,213,plastic
964_i180.png,964,plastic
211_i180.png,211,plastic
563_i210.png,563,plastic
745_i160.png,745,plastic
450_i130.png,450,plastic
254_i130.png,254,plastic
350_i110.png,350,plastic
159_i190.png,159,plastic
890_i110.png,890,plastic
519_i170.png,519,plastic
176_i140.png,176,plastic
354_i130.png,354,plastic
736_i140.png,736,plastic
691_i250.png,691,plastic
599_i250.png,599,plastic
424_i140.png,424,plastic
547_i110.png,547,plastic
98_i120.png,98,plastic
90_i120.png,90,plastic
438_i210.png,438,plastic
126_i170.png,126,plastic
668_i110.png,668,plastic
680_i170.png,680,plastic
257_i210.png,257,plastic
890_i190.png,890,plastic
185_i180.png,185,plastic
187_i120.png,187,plastic
692_i230.png,692,plastic
634_i180.png,634,plastic
169_i190.png,169,plastic
574_i120.png,574,plastic
689_i210.png,689,plastic
656_i140.png,656,plastic
727_i250.png,727,plastic
856_i190.png,856,plastic
382_i140.png,382,plastic
438_i120.png,438,plastic
686_i250.png,686,plastic
386_i160.png,386,plastic
481_i250.png,481,plastic
266_i120.png,266,plastic
775_i150.png,775,plastic
296_i230.png,296,plastic
949_i230.png,949,plastic
49_i110.png,49,plastic
944_i160.png,944,plastic
810_i120.png,810,plastic
856_i130.png,856,plastic
744_i170.png,744,plastic
521_i190.png,521,plastic
665_i180.png,665,plastic
55_i110.png,55,plastic
177_i250.png,177,plastic
733_i120.png,733,plastic
145_i230.png,145,plastic
519_i180.png,519,plastic
697_i180.png,697,plastic
89_i160.png,89,plastic
823_i250.png,823,plastic
392_i210.png,392,plastic
170_i110.png,170,plastic
14_i190.png,14,plastic
213_i160.png,213,plastic
47_i160.png,47,plastic
675_i170.png,675,plastic
896_i190.png,896,plastic
539_i170.png,539,plastic
728_i160.png,728,plastic
801_i160.png,801,plastic
665_i140.png,665,plastic
98_i230.png,98,plastic
850_i210.png,850,plastic
325_i120.png,325,plastic
145_i250.png,145,plastic
502_i170.png,502,plastic
964_i130.png,964,plastic
874_i170.png,874,plastic
657_i140.png,657,plastic
691_i210.png,691,plastic
742_i250.png,742,plastic
250_i230.png,250,plastic
543_i150.png,543,plastic
232_i110.png,232,plastic
464_i230.png,464,plastic
73_i170.png,73,plastic
412_i210.png,412,plastic
802_i170.png,802,plastic
801_i180.png,801,plastic
414_i120.png,414,plastic
473_i230.png,473,plastic
185_i140.png,185,plastic
98_i180.png,98,plastic
745_i110.png,745,plastic
60_i130.png,60,plastic
819_i190.png,819,plastic
170_i230.png,170,plastic
73_i210.png,73,plastic
254_i110.png,254,plastic
233_i230.png,233,plastic
653_i210.png,653,plastic
820_i120.png,820,plastic
323_i140.png,323,plastic
53_i170.png,53,plastic
874_i210.png,874,plastic
366_i230.png,366,plastic
834_i140.png,834,plastic
944_i170.png,944,plastic
450_i210.png,450,plastic
550_i110.png,550,plastic
137_i130.png,137,plastic
725_i120.png,725,plastic
529_i190.png,529,plastic
906_i110.png,906,plastic
529_i160.png,529,plastic
584_i190.png,584,plastic
165_i130.png,165,plastic
697_i110.png,697,plastic
685_i230.png,685,plastic
558_i130.png,558,plastic
323_i230.png,323,plastic
683_i130.png,683,plastic
679_i140.png,679,plastic
991_i150.png,991,plastic
692_i140.png,692,plastic
823_i160.png,823,plastic
689_i130.png,689,plastic
906_i180.png,906,plastic
824_i130.png,824,plastic
133_i150.png,133,plastic
601_i150.png,601,plastic
481_i210.png,481,plastic
236_i130.png,236,plastic
968_i130.png,968,plastic
12_i170.png,12,plastic
620_i150.png,620,plastic
676_i190.png,676,plastic
438_i230.png,438,plastic
842_i150.png,842,plastic
663_i110.png,663,plastic
395_i110.png,395,plastic
944_i150.png,944,plastic
703_i210.png,703,plastic
390_i250.png,390,plastic
188_i160.png,188,plastic
764_i150.png,764,plastic
138_i210.png,138,plastic
235_i150.png,235,plastic
337_i190.png,337,plastic
414_i150.png,414,plastic
756_i130.png,756,plastic
24_i210.png,24,plastic
250_i150.png,250,plastic
683_i110.png,683,plastic
109_i190.png,109,plastic
89_i190.png,89,plastic
967_i180.png,967,plastic
270_i230.png,270,plastic
106_i120.png,106,plastic
232_i170.png,232,plastic
263_i250.png,263,plastic
541_i150.png,541,plastic
811_i150.png,811,plastic
518_i230.png,518,plastic
529_i180.png,529,plastic
633_i170.png,633,plastic
896_i210.png,896,plastic
679_i110.png,679,plastic
820_i180.png,820,plastic
704_i130.png,704,plastic
396_i110.png,396,plastic
756_i180.png,756,plastic
680_i130.png,680,plastic
562_i140.png,562,plastic
482_i110.png,482,plastic
8_i160.png,8,plastic
895_i110.png,895,plastic
395_i250.png,395,plastic
283_i160.png,283,plastic
429_i110.png,429,plastic
68_i190.png,68,plastic
382_i160.png,382,plastic
550_i140.png,550,plastic
875_i130.png,875,plastic
436_i180.png,436,plastic
170_i190.png,170,plastic
460_i130.png,460,plastic
809_i180.png,809,plastic
165_i230.png,165,plastic
54_i170.png,54,plastic
354_i250.png,354,plastic
529_i230.png,529,plastic
429_i120.png,429,plastic
232_i140.png,232,plastic
476_i120.png,476,plastic
588_i150.png,588,plastic
469_i210.png,469,plastic
408_i180.png,408,plastic
958_i170.png,958,plastic
340_i130.png,340,plastic
344_i140.png,344,plastic
170_i140.png,170,plastic
213_i250.png,213,plastic
337_i180.png,337,plastic
349_i190.png,349,plastic
736_i110.png,736,plastic
677_i250.png,677,plastic
677_i230.png,677,plastic
392_i230.png,392,plastic
545_i180.png,545,plastic
462_i210.png,462,plastic
476_i170.png,476,plastic
633_i130.png,633,plastic
702_i130.png,702,plastic
690_i110.png,690,plastic
685_i140.png,685,plastic
257_i170.png,257,plastic
680_i180.png,680,plastic
968_i150.png,968,plastic
481_i130.png,481,plastic
252_i190.png,252,plastic
266_i110.png,266,plastic
697_i120.png,697,plastic
261_i190.png,261,plastic
61_i230.png,61,plastic
66_i190.png,66,plastic
12_i140.png,12,plastic
138_i180.png,138,plastic
850_i120.png,850,plastic
545_i140.png,545,plastic
678_i170.png,678,plastic
135_i250.png,135,plastic
185_i150.png,185,plastic
554_i190.png,554,plastic
490_i180.png,490,plastic
620_i160.png,620,plastic
53_i110.png,53,plastic
499_i170.png,499,plastic
55_i180.png,55,plastic
142_i230.png,142,plastic
821_i130.png,821,plastic
482_i180.png,482,plastic
85_i160.png,85,plastic
529_i130.png,529,plastic
821_i190.png,821,plastic
157_i180.png,157,plastic
379_i230.png,379,plastic
911_i140.png,911,plastic
956_i230.png,956,plastic
968_i190.png,968,plastic
727_i110.png,727,plastic
387_i230.png,387,plastic
543_i230.png,543,plastic
126_i160.png,126,plastic
821_i150.png,821,plastic
667_i230.png,667,plastic
697_i140.png,697,plastic
554_i150.png,554,plastic
850_i150.png,850,plastic
725_i180.png,725,plastic
459_i210.png,459,plastic
62_i160.png,62,plastic
755_i170.png,755,"wood,paper"
365_i170.png,365,"wood,paper"
417_i120.png,417,"wood,paper"
58_i170.png,58,"wood,paper"
322_i210.png,322,"wood,paper"
326_i110.png,326,"wood,paper"
87_i140.png,87,"wood,paper"
759_i250.png,759,"wood,paper"
946_i190.png,946,"wood,paper"
771_i160.png,771,"wood,paper"
868_i210.png,868,"wood,paper"
959_i250.png,959,"wood,paper"
182_i190.png,182,"wood,paper"
189_i160.png,189,"wood,paper"
118_i250.png,118,"wood,paper"
110_i160.png,110,"wood,paper"
858_i250.png,858,"wood,paper"
468_i160.png,468,"wood,paper"
132_i250.png,132,"wood,paper"
121_i210.png,121,"wood,paper"
768_i210.png,768,"wood,paper"
363_i250.png,363,"wood,paper"
303_i230.png,303,"wood,paper"
825_i130.png,825,"wood,paper"
197_i190.png,197,"wood,paper"
614_i160.png,614,"wood,paper"
815_i120.png,815,"wood,paper"
646_i150.png,646,"wood,paper"
373_i230.png,373,"wood,paper"
370_i190.png,370,"wood,paper"
18_i210.png,18,"wood,paper"
946_i120.png,946,"wood,paper"
468_i180.png,468,"wood,paper"
467_i250.png,467,"wood,paper"
688_i250.png,688,"wood,paper"
924_i230.png,924,"wood,paper"
195_i140.png,195,"wood,paper"
597_i120.png,597,"wood,paper"
854_i190.png,854,"wood,paper"
132_i140.png,132,"wood,paper"
757_i190.png,757,"wood,paper"
876_i130.png,876,"wood,paper"
33_i130.png,33,"wood,paper"
302_i140.png,302,"wood,paper"
494_i250.png,494,"wood,paper"
13_i110.png,13,"wood,paper"
301_i190.png,301,"wood,paper"
755_i120.png,755,"wood,paper"
484_i120.png,484,"wood,paper"
990_i190.png,990,"wood,paper"
5_i180.png,5,"wood,paper"
195_i110.png,195,"wood,paper"
417_i140.png,417,"wood,paper"
757_i150.png,757,"wood,paper"
461_i150.png,461,"wood,paper"
840_i140.png,840,"wood,paper"
451_i250.png,451,"wood,paper"
553_i120.png,553,"wood,paper"
461_i110.png,461,"wood,paper"
26_i120.png,26,"wood,paper"
960_i150.png,960,"wood,paper"
854_i160.png,854,"wood,paper"
314_i140.png,314,"wood,paper"
110_i120.png,110,"wood,paper"
759_i180.png,759,"wood,paper"
363_i170.png,363,"wood,paper"
587_i160.png,587,"wood,paper"
58_i180.png,58,"wood,paper"
197_i180.png,197,"wood,paper"
926_i250.png,926,"wood,paper"
527_i120.png,527,"wood,paper"
101_i170.png,101,"wood,paper"
197_i150.png,197,"wood,paper"
990_i110.png,990,"wood,paper"
101_i180.png,101,"wood,paper"
472_i150.png,472,"wood,paper"
367_i110.png,367,"wood,paper"
132_i230.png,132,"wood,paper"
838_i250.png,838,"wood,paper"
785_i120.png,785,"wood,paper"
29_i190.png,29,"wood,paper"
297_i150.png,297,"wood,paper"
195_i170.png,195,"wood,paper"
364_i110.png,364,"wood,paper"
94_i180.png,94,"wood,paper"
878_i120.png,878,"wood,paper"
803_i130.png,803,"wood,paper"
220_i160.png,220,"wood,paper"
19_i210.png,19,"wood,paper"
302_i170.png,302,"wood,paper"
183_i210.png,183,"wood,paper"
115_i120.png,115,"wood,paper"
132_i210.png,132,"wood,paper"
5_i170.png,5,"wood,paper"
868_i190.png,868,"wood,paper"
597_i170.png,597,"wood,paper"
467_i190.png,467,"wood,paper"
522_i210.png,522,"wood,paper"
945_i190.png,945,"wood,paper"
740_i180.png,740,"wood,paper"
362_i250.png,362,"wood,paper"
13_i150.png,13,"wood,paper"
18_i160.png,18,"wood,paper"
76_i110.png,76,"wood,paper"
598_i170.png,598,"wood,paper"
114_i120.png,114,"wood,paper"
118_i160.png,118,"wood,paper"
878_i230.png,878,"wood,paper"
772_i150.png,772,"wood,paper"
945_i110.png,945,"wood,paper"
195_i250.png,195,"wood,paper"
26_i150.png,26,"wood,paper"
79_i190.png,79,"wood,paper"
785_i250.png,785,"wood,paper"
181_i190.png,181,"wood,paper"
780_i170.png,780,"wood,paper"
272_i150.png,272,"wood,paper"
58_i130.png,58,"wood,paper"
197_i160.png,197,"wood,paper"
901_i230.png,901,"wood,paper"
220_i250.png,220,"wood,paper"
938_i150.png,938,"wood,paper"
747_i170.png,747,"wood,paper"
892_i140.png,892,"wood,paper"
299_i150.png,299,"wood,paper"
904_i190.png,904,"wood,paper"
198_i150.png,198,"wood,paper"
199_i180.png,199,"wood,paper"
57_i150.png,57,"wood,paper"
494_i130.png,494,"wood,paper"
900_i230.png,900,"wood,paper"
461_i130.png,461,"wood,paper"
448_i160.png,448,"wood,paper"
29_i130.png,29,"wood,paper"
217_i150.png,217,"wood,paper"
50_i190.png,50,"wood,paper"
747_i110.png,747,"wood,paper"
467_i170.png,467,"wood,paper"
854_i150.png,854,"wood,paper"
533_i140.png,533,"wood,paper"
83_i180.png,83,"wood,paper"
785_i230.png,785,"wood,paper"
50_i150.png,50,"wood,paper"
759_i190.png,759,"wood,paper"
322_i180.png,322,"wood,paper"
51_i180.png,51,"wood,paper"
451_i110.png,451,"wood,paper"
196_i170.png,196,"wood,paper"
647_i130.png,647,"wood,paper"
50_i210.png,50,"wood,paper"
448_i210.png,448,"wood,paper"
370_i230.png,370,"wood,paper"
533_i170.png,533,"wood,paper"
467_i150.png,467,"wood,paper"
994_i190.png,994,"wood,paper"
5_i140.png,5,"wood,paper"
815_i190.png,815,"wood,paper"
533_i150.png,533,"wood,paper"
747_i190.png,747,"wood,paper"
596_i170.png,596,"wood,paper"
769_i150.png,769,"wood,paper"
614_i170.png,614,"wood,paper"
730_i250.png,730,"wood,paper"
197_i210.png,197,"wood,paper"
876_i250.png,876,"wood,paper"
771_i190.png,771,"wood,paper"
905_i170.png,905,"wood,paper"
101_i150.png,101,"wood,paper"
326_i190.png,326,"wood,paper"
79_i140.png,79,"wood,paper"
101_i230.png,101,"wood,paper"
671_i190.png,671,"wood,paper"
115_i110.png,115,"wood,paper"
878_i250.png,878,"wood,paper"
598_i250.png,598,"wood,paper"
13_i130.png,13,"wood,paper"
461_i170.png,461,"wood,paper"
641_i110.png,641,"wood,paper"
181_i230.png,181,"wood,paper"
772_i170.png,772,"wood,paper"
132_i150.png,132,"wood,paper"
740_i160.png,740,"wood,paper"
769_i190.png,769,"wood,paper"
18_i250.png,18,"wood,paper"
772_i250.png,772,"wood,paper"
940_i130.png,940,"wood,paper"
511_i160.png,511,"wood,paper"
107_i140.png,107,"wood,paper"
83_i170.png,83,"wood,paper"
909_i210.png,909,"wood,paper"
803_i250.png,803,"wood,paper"
780_i110.png,780,"wood,paper"
989_i180.png,989,"wood,paper"
783_i160.png,783,"wood,paper"
315_i180.png,315,"wood,paper"
16_i150.png,16,"wood,paper"
485_i130.png,485,"wood,paper"
878_i110.png,878,"wood,paper"
878_i170.png,878,"wood,paper"
132_i120.png,132,"wood,paper"
33_i110.png,33,"wood,paper"
451_i140.png,451,"wood,paper"
647_i230.png,647,"wood,paper"
365_i160.png,365,"wood,paper"
299_i110.png,299,"wood,paper"
322_i140.png,322,"wood,paper"
527_i130.png,527,"wood,paper"
199_i130.png,199,"wood,paper"
217_i250.png,217,"wood,paper"
370_i210.png,370,"wood,paper"
945_i120.png,945,"wood,paper"
299_i170.png,299,"wood,paper"
451_i180.png,451,"wood,paper"
769_i110.png,769,"wood,paper"
16_i190.png,16,"wood,paper"
841_i120.png,841,"wood,paper"
182_i110.png,182,"wood,paper"
793_i210.png,793,"wood,paper"
327_i150.png,327,"wood,paper"
472_i120.png,472,"wood,paper"
132_i110.png,132,"wood,paper"
688_i230.png,688,"wood,paper"
183_i160.png,183,"wood,paper"
901_i170.png,901,"wood,paper"
596_i150.png,596,"wood,paper"
370_i180.png,370,"wood,paper"
110_i190.png,110,"wood,paper"
196_i130.png,196,"wood,paper"
522_i110.png,522,"wood,paper"
442_i190.png,442,"wood,paper"
442_i140.png,442,"wood,paper"
5_i150.png,5,"wood,paper"
780_i180.png,780,"wood,paper"
959_i160.png,959,"wood,paper"
614_i190.png,614,"wood,paper"
868_i250.png,868,"wood,paper"
195_i130.png,195,"wood,paper"
306_i230.png,306,"wood,paper"
485_i110.png,485,"wood,paper"
803_i180.png,803,"wood,paper"
493_i150.png,493,"wood,paper"
458_i210.png,458,"wood,paper"
525_i230.png,525,"wood,paper"
904_i140.png,904,"wood,paper"
892_i230.png,892,"wood,paper"
867_i130.png,867,"wood,paper"
770_i150.png,770,"wood,paper"
937_i120.png,937,"wood,paper"
50_i250.png,50,"wood,paper"
493_i130.png,493,"wood,paper"
841_i130.png,841,"wood,paper"
671_i110.png,671,"wood,paper"
220_i180.png,220,"wood,paper"
904_i170.png,904,"wood,paper"
299_i230.png,299,"wood,paper"
302_i160.png,302,"wood,paper"
938_i120.png,938,"wood,paper"
926_i140.png,926,"wood,paper"
195_i210.png,195,"wood,paper"
770_i180.png,770,"wood,paper"
417_i170.png,417,"wood,paper"
456_i120.png,456,"wood,paper"
326_i250.png,326,"wood,paper"
79_i150.png,79,"wood,paper"
299_i180.png,299,"wood,paper"
946_i140.png,946,"wood,paper"
926_i120.png,926,"wood,paper"
400_i170.png,400,"wood,paper"
899_i140.png,899,"wood,paper"
327_i120.png,327,"wood,paper"
553_i140.png,553,"wood,paper"
840_i130.png,840,"wood,paper"
485_i170.png,485,"wood,paper"
306_i210.png,306,"wood,paper"
553_i110.png,553,"wood,paper"
272_i120.png,272,"wood,paper"
110_i250.png,110,"wood,paper"
302_i150.png,302,"wood,paper"
198_i190.png,198,"wood,paper"
960_i230.png,960,"wood,paper"
587_i120.png,587,"wood,paper"
924_i250.png,924,"wood,paper"
456_i110.png,456,"wood,paper"
730_i110.png,730,"wood,paper"
364_i230.png,364,"wood,paper"
198_i210.png,198,"wood,paper"
364_i190.png,364,"wood,paper"
299_i160.png,299,"wood,paper"
115_i180.png,115,"wood,paper"
107_i130.png,107,"wood,paper"
327_i210.png,327,"wood,paper"
197_i230.png,197,"wood,paper"
292_i210.png,292,"wood,paper"
945_i210.png,945,"wood,paper"
840_i170.png,840,"wood,paper"
183_i180.png,183,"wood,paper"
467_i210.png,467,"wood,paper"
858_i120.png,858,"wood,paper"
181_i180.png,181,"wood,paper"
841_i250.png,841,"wood,paper"
87_i120.png,87,"wood,paper"
867_i250.png,867,"wood,paper"
485_i190.png,485,"wood,paper"
461_i120.png,461,"wood,paper"
959_i190.png,959,"wood,paper"
115_i190.png,115,"wood,paper"
108_i170.png,108,"wood,paper"
793_i160.png,793,"wood,paper"
646_i120.png,646,"wood,paper"
688_i170.png,688,"wood,paper"
900_i210.png,900,"wood,paper"
484_i170.png,484,"wood,paper"
108_i150.png,108,"wood,paper"
326_i120.png,326,"wood,paper"
493_i160.png,493,"wood,paper"
364_i130.png,364,"wood,paper"
18_i120.png,18,"wood,paper"
79_i230.png,79,"wood,paper"
946_i160.png,946,"wood,paper"
364_i140.png,364,"wood,paper"
76_i190.png,76,"wood,paper"
458_i130.png,458,"wood,paper"
299_i210.png,299,"wood,paper"
94_i140.png,94,"wood,paper"
946_i230.png,946,"wood,paper"
868_i130.png,868,"wood,paper"
926_i150.png,926,"wood,paper"
87_i210.png,87,"wood,paper"
553_i130.png,553,"wood,paper"
780_i150.png,780,"wood,paper"
597_i210.png,597,"wood,paper"
758_i250.png,758,"wood,paper"
50_i110.png,50,"wood,paper"
29_i170.png,29,"wood,paper"
937_i140.png,937,"wood,paper"
297_i180.png,297,"wood,paper"
841_i210.png,841,"wood,paper"
878_i160.png,878,"wood,paper"
867_i160.png,867,"wood,paper"
493_i210.png,493,"wood,paper"
373_i250.png,373,"wood,paper"
33_i210.png,33,"wood,paper"
461_i230.png,461,"wood,paper"
118_i120.png,118,"wood,paper"
314_i120.png,314,"wood,paper"
417_i250.png,417,"wood,paper"
5_i160.png,5,"wood,paper"
485_i250.png,485,"wood,paper"
132_i180.png,132,"wood,paper"
803_i230.png,803,"wood,paper"
994_i210.png,994,"wood,paper"
57_i250.png,57,"wood,paper"
251_i110.png,251,"wood,paper"
493_i250.png,493,"wood,paper"
587_i230.png,587,"wood,paper"
904_i230.png,904,"wood,paper"
472_i180.png,472,"wood,paper"
272_i160.png,272,"wood,paper"
597_i160.png,597,"wood,paper"
959_i210.png,959,"wood,paper"
825_i230.png,825,"wood,paper"
484_i130.png,484,"wood,paper"
272_i210.png,272,"wood,paper"
989_i210.png,989,"wood,paper"
16_i120.png,16,"wood,paper"
747_i120.png,747,"wood,paper"
858_i140.png,858,"wood,paper"
940_i140.png,940,"wood,paper"
525_i250.png,525,"wood,paper"
251_i140.png,251,"wood,paper"
5_i230.png,5,"wood,paper"
110_i210.png,110,"wood,paper"
959_i140.png,959,"wood,paper"
646_i250.png,646,"wood,paper"
367_i140.png,367,"wood,paper"
365_i230.png,365,"wood,paper"
597_i230.png,597,"wood,paper"
183_i110.png,183,"wood,paper"
314_i160.png,314,"wood,paper"
909_i170.png,909,"wood,paper"
780_i250.png,780,"wood,paper"
189_i190.png,189,"wood,paper"
364_i210.png,364,"wood,paper"
448_i130.png,448,"wood,paper"
840_i230.png,840,"wood,paper"
417_i230.png,417,"wood,paper"
26_i140.png,26,"wood,paper"
899_i110.png,899,"wood,paper"
29_i180.png,29,"wood,paper"
989_i140.png,989,"wood,paper"
840_i180.png,840,"wood,paper"
959_i120.png,959,"wood,paper"
730_i160.png,730,"wood,paper"
197_i110.png,197,"wood,paper"
303_i150.png,303,"wood,paper"
110_i140.png,110,"wood,paper"
960_i130.png,960,"wood,paper"
468_i110.png,468,"wood,paper"
533_i230.png,533,"wood,paper"
189_i210.png,189,"wood,paper"
909_i180.png,909,"wood,paper"
58_i140.png,58,"wood,paper"
854_i170.png,854,"wood,paper"
51_i190.png,51,"wood,paper"
945_i160.png,945,"wood,paper"
522_i230.png,522,"wood,paper"
990_i170.png,990,"wood,paper"
596_i160.png,596,"wood,paper"
216_i150.png,216,"wood,paper"
468_i250.png,468,"wood,paper"
838_i140.png,838,"wood,paper"
29_i230.png,29,"wood,paper"
51_i210.png,51,"wood,paper"
511_i150.png,511,"wood,paper"
468_i120.png,468,"wood,paper"
597_i150.png,597,"wood,paper"
272_i180.png,272,"wood,paper"
688_i120.png,688,"wood,paper"
989_i130.png,989,"wood,paper"
51_i110.png,51,"wood,paper"
614_i130.png,614,"wood,paper"
780_i230.png,780,"wood,paper"
940_i180.png,940,"wood,paper"
614_i140.png,614,"wood,paper"
533_i120.png,533,"wood,paper"
945_i180.png,945,"wood,paper"
525_i130.png,525,"wood,paper"
770_i140.png,770,"wood,paper"
362_i140.png,362,"wood,paper"
118_i170.png,118,"wood,paper"
189_i230.png,189,"wood,paper"
825_i210.png,825,"wood,paper"
740_i190.png,740,"wood,paper"
901_i160.png,901,"wood,paper"
132_i170.png,132,"wood,paper"
327_i190.png,327,"wood,paper"
793_i230.png,793,"wood,paper"
946_i250.png,946,"wood,paper"
189_i170.png,189,"wood,paper"
759_i150.png,759,"wood,paper"
785_i130.png,785,"wood,paper"
876_i140.png,876,"wood,paper"
755_i130.png,755,"wood,paper"
783_i140.png,783,"wood,paper"
108_i140.png,108,"wood,paper"
108_i190.png,108,"wood,paper"
183_i170.png,183,"wood,paper"
758_i190.png,758,"wood,paper"
730_i210.png,730,"wood,paper"
365_i120.png,365,"wood,paper"
367_i190.png,367,"wood,paper"
641_i160.png,641,"wood,paper"
780_i160.png,780,"wood,paper"
493_i190.png,493,"wood,paper"
740_i140.png,740,"wood,paper"
926_i180.png,926,"wood,paper"
909_i160.png,909,"wood,paper"
76_i130.png,76,"wood,paper"
785_i110.png,785,"wood,paper"
990_i160.png,990,"wood,paper"
442_i150.png,442,"wood,paper"
688_i110.png,688,"wood,paper"
740_i130.png,740,"wood,paper"
641_i180.png,641,"wood,paper"
825_i110.png,825,"wood,paper"
196_i230.png,196,"wood,paper"
198_i120.png,198,"wood,paper"
892_i110.png,892,"wood,paper"
451_i190.png,451,"wood,paper"
326_i160.png,326,"wood,paper"
301_i230.png,301,"wood,paper"
315_i190.png,315,"wood,paper"
363_i130.png,363,"wood,paper"
196_i250.png,196,"wood,paper"
322_i110.png,322,"wood,paper"
780_i190.png,780,"wood,paper"
114_i210.png,114,"wood,paper"
905_i190.png,905,"wood,paper"
768_i110.png,768,"wood,paper"
600_i190.png,600,"wood,paper"
647_i140.png,647,"wood,paper"
94_i130.png,94,"wood,paper"
306_i120.png,306,"wood,paper"
946_i180.png,946,"wood,paper"
94_i250.png,94,"wood,paper"
297_i190.png,297,"wood,paper"
306_i180.png,306,"wood,paper"
315_i140.png,315,"wood,paper"
959_i150.png,959,"wood,paper"
181_i110.png,181,"wood,paper"
219_i190.png,219,"wood,paper"
938_i250.png,938,"wood,paper"
114_i230.png,114,"wood,paper"
303_i170.png,303,"wood,paper"
730_i140.png,730,"wood,paper"
693_i180.png,693,"wood,paper"
94_i160.png,94,"wood,paper"
614_i120.png,614,"wood,paper"
458_i190.png,458,"wood,paper"
841_i160.png,841,"wood,paper"
596_i120.png,596,"wood,paper"
990_i130.png,990,"wood,paper"
198_i250.png,198,"wood,paper"
940_i170.png,940,"wood,paper"
693_i150.png,693,"wood,paper"
183_i120.png,183,"wood,paper"
646_i110.png,646,"wood,paper"
527_i140.png,527,"wood,paper"
292_i250.png,292,"wood,paper"
770_i130.png,770,"wood,paper"
19_i230.png,19,"wood,paper"
114_i110.png,114,"wood,paper"
768_i230.png,768,"wood,paper"
216_i170.png,216,"wood,paper"
217_i210.png,217,"wood,paper"
458_i120.png,458,"wood,paper"
57_i130.png,57,"wood,paper"
456_i160.png,456,"wood,paper"
854_i250.png,854,"wood,paper"
79_i120.png,79,"wood,paper"
783_i120.png,783,"wood,paper"
363_i180.png,363,"wood,paper"
306_i110.png,306,"wood,paper"
909_i110.png,909,"wood,paper"
730_i190.png,730,"wood,paper"
596_i110.png,596,"wood,paper"
937_i210.png,937,"wood,paper"
878_i130.png,878,"wood,paper"
251_i190.png,251,"wood,paper"
597_i140.png,597,"wood,paper"
647_i210.png,647,"wood,paper"
598_i120.png,598,"wood,paper"
46_i190.png,46,"wood,paper"
458_i160.png,458,"wood,paper"
990_i140.png,990,"wood,paper"
597_i110.png,597,"wood,paper"
522_i190.png,522,"wood,paper"
940_i150.png,940,"wood,paper"
223_i140.png,223,"wood,paper"
216_i120.png,216,"wood,paper"
442_i210.png,442,"wood,paper"
272_i190.png,272,"wood,paper"
861_i180.png,861,"wood,paper"
960_i170.png,960,"wood,paper"
899_i250.png,899,"wood,paper"
759_i110.png,759,"wood,paper"
780_i140.png,780,"wood,paper"
641_i190.png,641,"wood,paper"
272_i130.png,272,"wood,paper"
876_i120.png,876,"wood,paper"
994_i170.png,994,"wood,paper"
747_i210.png,747,"wood,paper"
315_i150.png,315,"wood,paper"
768_i250.png,768,"wood,paper"
522_i120.png,522,"wood,paper"
533_i190.png,533,"wood,paper"
18_i190.png,18,"wood,paper"
784_i170.png,784,"wood,paper"
326_i170.png,326,"wood,paper"
272_i110.png,272,"wood,paper"
600_i120.png,600,"wood,paper"
803_i110.png,803,"wood,paper"
19_i160.png,19,"wood,paper"
219_i170.png,219,"wood,paper"
646_i140.png,646,"wood,paper"
770_i160.png,770,"wood,paper"
306_i170.png,306,"wood,paper"
840_i110.png,840,"wood,paper"
671_i210.png,671,"wood,paper"
451_i130.png,451,"wood,paper"
367_i160.png,367,"wood,paper"
769_i170.png,769,"wood,paper"
220_i140.png,220,"wood,paper"
321_i160.png,321,"wood,paper"
485_i210.png,485,"wood,paper"
484_i160.png,484,"wood,paper"
362_i120.png,362,"wood,paper"
647_i160.png,647,"wood,paper"
901_i180.png,901,"wood,paper"
219_i140.png,219,"wood,paper"
815_i250.png,815,"wood,paper"
901_i110.png,901,"wood,paper"
181_i130.png,181,"wood,paper"
959_i110.png,959,"wood,paper"
301_i140.png,301,"wood,paper"
121_i190.png,121,"wood,paper"
940_i120.png,940,"wood,paper"
671_i230.png,671,"wood,paper"
370_i250.png,370,"wood,paper"
861_i160.png,861,"wood,paper"
322_i120.png,322,"wood,paper"
57_i160.png,57,"wood,paper"
768_i170.png,768,"wood,paper"
362_i210.png,362,"wood,paper"
367_i150.png,367,"wood,paper"
793_i140.png,793,"wood,paper"
220_i230.png,220,"wood,paper"
468_i190.png,468,"wood,paper"
365_i130.png,365,"wood,paper"
365_i250.png,365,"wood,paper"
114_i130.png,114,"wood,paper"
840_i160.png,840,"wood,paper"
26_i180.png,26,"wood,paper"
878_i210.png,878,"wood,paper"
525_i190.png,525,"wood,paper"
50_i130.png,50,"wood,paper"
16_i130.png,16,"wood,paper"
217_i170.png,217,"wood,paper"
451_i230.png,451,"wood,paper"
525_i160.png,525,"wood,paper"
198_i160.png,198,"wood,paper"
600_i180.png,600,"wood,paper"
314_i230.png,314,"wood,paper"
303_i180.png,303,"wood,paper"
780_i120.png,780,"wood,paper"
50_i160.png,50,"wood,paper"
183_i150.png,183,"wood,paper"
770_i190.png,770,"wood,paper"
114_i150.png,114,"wood,paper"
671_i120.png,671,"wood,paper"
110_i230.png,110,"wood,paper"
747_i130.png,747,"wood,paper"
87_i180.png,87,"wood,paper"
50_i170.png,50,"wood,paper"
223_i120.png,223,"wood,paper"
198_i170.png,198,"wood,paper"
216_i140.png,216,"wood,paper"
400_i110.png,400,"wood,paper"
197_i140.png,197,"wood,paper"
598_i110.png,598,"wood,paper"
367_i170.png,367,"wood,paper"
370_i140.png,370,"wood,paper"
315_i170.png,315,"wood,paper"
783_i210.png,783,"wood,paper"
688_i180.png,688,"wood,paper"
854_i130.png,854,"wood,paper"
785_i180.png,785,"wood,paper"
183_i140.png,183,"wood,paper"
868_i170.png,868,"wood,paper"
769_i160.png,769,"wood,paper"
759_i120.png,759,"wood,paper"
199_i120.png,199,"wood,paper"
87_i110.png,87,"wood,paper"
614_i180.png,614,"wood,paper"
442_i160.png,442,"wood,paper"
641_i210.png,641,"wood,paper"
946_i210.png,946,"wood,paper"
299_i250.png,299,"wood,paper"
442_i250.png,442,"wood,paper"
33_i170.png,33,"wood,paper"
960_i120.png,960,"wood,paper"
825_i190.png,825,"wood,paper"
905_i180.png,905,"wood,paper"
693_i250.png,693,"wood,paper"
5_i130.png,5,"wood,paper"
33_i250.png,33,"wood,paper"
688_i190.png,688,"wood,paper"
216_i110.png,216,"wood,paper"
16_i160.png,16,"wood,paper"
740_i110.png,740,"wood,paper"
315_i130.png,315,"wood,paper"
641_i120.png,641,"wood,paper"
458_i180.png,458,"wood,paper"
924_i180.png,924,"wood,paper"
315_i250.png,315,"wood,paper"
926_i190.png,926,"wood,paper"
301_i170.png,301,"wood,paper"
472_i160.png,472,"wood,paper"
400_i210.png,400,"wood,paper"
901_i140.png,901,"wood,paper"
838_i170.png,838,"wood,paper"
614_i230.png,614,"wood,paper"
363_i120.png,363,"wood,paper"
868_i180.png,868,"wood,paper"
83_i190.png,83,"wood,paper"
108_i180.png,108,"wood,paper"
527_i230.png,527,"wood,paper"
485_i160.png,485,"wood,paper"
494_i180.png,494,"wood,paper"
110_i150.png,110,"wood,paper"
373_i180.png,373,"wood,paper"
771_i180.png,771,"wood,paper"
784_i150.png,784,"wood,paper"
181_i150.png,181,"wood,paper"
924_i160.png,924,"wood,paper"
770_i230.png,770,"wood,paper"
854_i230.png,854,"wood,paper"
909_i150.png,909,"wood,paper"
533_i250.png,533,"wood,paper"
959_i230.png,959,"wood,paper"
755_i160.png,755,"wood,paper"
784_i160.png,784,"wood,paper"
485_i150.png,485,"wood,paper"
321_i150.png,321,"wood,paper"
327_i110.png,327,"wood,paper"
783_i190.png,783,"wood,paper"
494_i120.png,494,"wood,paper"
292_i160.png,292,"wood,paper"
783_i110.png,783,"wood,paper"
841_i230.png,841,"wood,paper"
937_i250.png,937,"wood,paper"
302_i120.png,302,"wood,paper"
370_i160.png,370,"wood,paper"
50_i120.png,50,"wood,paper"
598_i130.png,598,"wood,paper"
926_i170.png,926,"wood,paper"
79_i210.png,79,"wood,paper"
768_i150.png,768,"wood,paper"
199_i110.png,199,"wood,paper"
771_i150.png,771,"wood,paper"
251_i250.png,251,"wood,paper"
448_i250.png,448,"wood,paper"
46_i160.png,46,"wood,paper"
740_i150.png,740,"wood,paper"
901_i190.png,901,"wood,paper"
26_i130.png,26,"wood,paper"
926_i230.png,926,"wood,paper"
58_i160.png,58,"wood,paper"
198_i230.png,198,"wood,paper"
755_i250.png,755,"wood,paper"
494_i230.png,494,"wood,paper"
456_i190.png,456,"wood,paper"
757_i120.png,757,"wood,paper"
840_i210.png,840,"wood,paper"
223_i160.png,223,"wood,paper"
646_i130.png,646,"wood,paper"
417_i130.png,417,"wood,paper"
16_i170.png,16,"wood,paper"
362_i180.png,362,"wood,paper"
223_i210.png,223,"wood,paper"
321_i230.png,321,"wood,paper"
614_i250.png,614,"wood,paper"
525_i110.png,525,"wood,paper"
46_i170.png,46,"wood,paper"
199_i170.png,199,"wood,paper"
926_i210.png,926,"wood,paper"
803_i170.png,803,"wood,paper"
182_i230.png,182,"wood,paper"
322_i230.png,322,"wood,paper"
13_i160.png,13,"wood,paper"
671_i180.png,671,"wood,paper"
899_i160.png,899,"wood,paper"
784_i250.png,784,"wood,paper"
945_i150.png,945,"wood,paper"
